-112.88424,-9.79248
-75.99184,-8.62064
67.9152,-7.32432
76.33792,-5.9104
-15.25968,-4.6992
-72.272,-3.62432
-68.97632,-2.61008
1.90664,-1.41296
-54.0928,-0.29216
-46.55184,0.31848
-23.61344,1.24032
-61.40737851,1.707995449
15.27512,2.93104
-1.69904,3.5
-62.5584,4.13904
22.35136,5.21048
-16.03488,6.414
-89.03039437,7.444192593
77.10768,8.38608
34.68936,9.39744
95.00512,10.11792
-38.4556,-9.74528
8.580706121,-8.337982208
-23.6956,-6.86824
-84.33216,-5.61648
-69.40832,-4.60024
-25.03968,-3.39216
-15.58016,-2.5044
-33.56456,-1.226
3.56808,-0.28656
-19.74664,0.38184
33.47562995,1.24591204
-7.44472,1.77264
-70.13344,2.96368
-9.23176,3.52768
-42.63834176,4.204852267
-24.32904,5.22912
78.25096,6.52392
-87.55688,7.5256
11.69904,8.5476
48.29528,9.56056
-93.30704,10.19672
104.5428,-9.48096
61.12864,-8.20888
-92.19144,-6.74448
-59.57752,-5.45768
-79.49792,-4.43792
14.73416,-3.11336
-9.22088,-2.43408
112.81528,-0.95696
46.8048,-0.27528
-34.72984,0.45024
75.85156632,1.265877271
-60.85034358,1.891622117
29.72496,2.97192
-20.74352,3.73608
40.14968,4.27344
36.73432,5.33912
-113.91744,6.61536
108.43208,7.59304
85.49648,8.57416
70.41752,9.57736
52.03032,10.65312
105.20728,-9.46248
-80.86688,-8.05848
-49.31872,-6.53096
-64.44872,-5.3028
-21.3112,-4.40112
-88.79696,-3.08216
-17.90312,-2.36248
-6.66256,-0.74184
-14.17896,-0.2148
98.04,0.47256
-31.94373123,1.33989993
77.89768,2.39896
-33.60464,3.16664
119.67544,3.75344
0.11648,4.51296
26.42224,5.39872
-11.17253428,6.82170657
-86.13216,7.716
-40.99824,8.64336
-113.13584,9.58144
22.76248,10.72296
-14.22696,-9.39768
-10.32511504,-7.935820353
114.13152,-6.36768
-97.7624,-5.242
-67.9312,-4.36784
-0.55768,-3.0444
-25.70696,-2.11264
-78.51808,-0.50624
-78.54752,-0.17208
49.93024,0.52648
-75.86624,1.36824
75.46989152,2.531906042
-18.08924565,3.240574755
83.93856,3.81264
-34.16088,4.56264
32.06912,5.66688
-32.80824,6.88248
33.5712,8.01384
49.08984,8.68176
-38.28128,9.58224
14.7568,10.82824
-31.2912,-9.35208
-5.79528,-7.8636
-100.90688,-6.29336
17.32536,-5.22144
-75.04084787,-4.233089402
-95.31096,-2.8188
-109.82384,-1.87424
-43.72194189,-0.493641126
-2.41672,-0.16632
0.60248,0.81816
-44.02592,1.37864
-7.47176,2.54144
10.14096,3.25272
-52.90848,3.90624
-40.33176,4.89768
85.88376,5.68488
-7.64344,7.05304
74.75728,8.07768
-72.99368,8.98168
23.6008,9.6316
-68.75336,10.93376
-93.56552,-9.17752
13.76992,-7.71968
7.8332,-6.15344
-26.69184,-5.07144
-21.54696,-4.02432
-32.3536,-2.80536
-10.03368,-1.85832
53.23296,-0.42888
-94.82376,-0.03648
-45.45816,0.94728
116.3165684,1.474681011
-80.05176,2.56704
103.73096,3.29056
83.42592,4.01496
-88.11144,4.95336
14.3156,5.69328
-64.45448,7.20144
22.07706849,8.10517713
19.07816,9.07696
2.19272,9.88128
-29.07248,10.98072
-102.70384,-9.1556
-18.07328,-7.64504
86.38312,-6.12632
30.7724,-5.06352
89.86416,-3.846
-27.07784,-2.73504
-42.26344,-1.83224
84.82128,-0.35232
34.74016,0.02456
-28.89864,0.95736
-32.04896,1.49336
-84.91392,2.71872
25.04008,3.29336
-0.64064,4.01848
-8.096695452,5.102767536
61.37008,5.89912
-68.47448,7.20464
-21.114,8.1384
-57.57424,9.09592
-6.78888,9.91536
-25.99768,11.06656
39.64816,-99.9752
34.27752,-99.86568
-81.27384,-99.74784
-18.6,-99.54912
-34.57264,-99.44432
11.63096,-99.43824
94.49168,-99.28008
-37.82576,-99.2672
-58.81576,-98.97728
21.40024,-98.66776
108.7704,-98.6376
48.56112,-98.45448
45.28376,-98.34512
95.82408,-98.28624
-38.8208868,-98.21392459
-114.03128,-98.21264
103.30584,-98.16888
74.624,-98.10912
112.9408,-97.98304
-18.55736,-97.9348
44.54456,-97.88624
-106.64808,-97.8336
-83.42504,-97.80448
-13.28163434,-97.64434992
-61.33792,-97.54056
-32.17152,-97.51608
-56.81545605,-97.50906389
-23.30064,-97.34112
112.55176,-97.27608
-63.03581,-97.01061453
72.00288,-96.97896
-28.42592,-96.86832
-112.31208,-96.81768
-102.05864,-96.70576
100.6944,-96.69768
37.06408,-96.63704
-72.21112,-96.57488
46.9296,-96.45384
-71.32768,-96.42648
-101.54008,-96.41104
53.56296,-96.40608
-10.89728,-96.38288
-2.67272,-96.12216
39.36368,-95.87688
-55.67272,-95.81624
-20.28552,-95.7792
-69.07192,-95.73824
-52.05312,-95.40384
8.24824,-95.28768
39.73824,-95.27976
-27.43072,-95.06136
22.66536,-95.05968
14.37632,-95.05808
-58.44512,-94.95232
84.56912,-94.89752
18.74688,-94.85328
41.854,-94.81968
-70.69328,-94.59288
54.66432,-94.50984
-56.84784,-94.50744
-50.94784,-94.1988
63.79168,-94.16736
59.5288,-93.948
21.92232,-93.89088
50.28192,-93.82944
12.18681556,-93.81863967
-85.14968,-93.77224
-117.70712,-93.71056
-11.53544,-93.5488
-16.888,-93.33008
-39.00440387,-93.21800466
16.59224,-93.16712
7.76104,-93.08528
-29.82704,-93.05664
118.246,-92.9604
-102.83968,-92.9136
-30.36864,-92.77296
-39.82672,-92.60376
-24.5708,-92.47792
-63.89024,-92.01184
-52.04798994,-91.58751323
-71.77008,-91.57872
-29.95448,-91.56632
-51.47827221,-91.46980203
-69.45528,-91.36656
-82.63248,-91.14048
22.93088,-91.06056
-38.08512,-90.97032
-52.76144,-90.61744
-11.31756388,-90.11802953
-18.21056,-90.05328
105.95376,-89.96256
-49.57208,-89.90552
-30.81408,-89.80608
-64.13488,-89.79872
42.72304,-89.60712
-40.97624,-89.4924
-81.26344,-89.48888
93.78448,-89.44424
-24.02712,-89.33712
-115.70368,-89.226
-30.36952,-88.892
-61.492,-88.81856
-37.17848,-88.74648
-68.52152,-88.58288
-67.47624,-88.56096
75.02408,-88.52408
-52.14312389,-88.46569962
8.14504,-88.41824
34.57648,-88.36592
79.94856,-88.33896
-52.0576,-88.24944
-67.82688,-88.17072
18.45158068,-88.14090757
68.81893599,-88.08433008
-70.62056,-88.08168
-66.72112,-88.052
-53.33584,-87.76064
35.88616,-87.69224
-16.10552,-87.66352
77.68032,-87.55032
-14.9664,-87.43968
-62.10631448,-87.34279039
-31.3316,-87.19384
26.99752,-87.13448
34.31776,-86.78168
-74.42896,-86.55152
-55.03816,-86.5352
-24.24272,-86.488
-46.29672,-86.29224
43.01112,-86.24352
30.19936,-86.1344
-109.87832,-86.00416
-82.78416,-85.8192
-0.85272,-85.62912
7.12072,-85.49696
110.78752,-85.32864
-32.91410674,-85.28848526
-35.89032,-85.18416
-101.9204,-85.01264
-18.98424,-83.88648
-25.67016,-83.8032
-26.96336,-83.7792
82.29776,-83.762
-109.63416,-83.48232
-85.45472,-83.4584
-7.69104,-83.21712
-36.32696,-83.03496
-57.51776,-83.03376
-60.94816,-82.93328
50.8988,-82.90224
-33.5372,-82.85216
-36.35688,-82.8276
97.59792,-82.71312
-32.64536,-81.98984
-31.2988,-81.90344
-70.6444,-81.47504
-56.51016,-81.38904
-77.24528,-81.35336
6.42496,-81.19816
75.53296,-81.19368
57.84072,-80.98152
-17.9432,-80.91608
-59.54248,-80.81208
19.40528,-80.5944
10.97848,-80.55816
67.58008,-80.48416
71.32128,-79.84464
-25.10155332,-79.69513571
-59.59996524,-79.62605627
24.45216,-79.51848
-88.78984,-79.29336
96.55376,-79.1052
8.46896,-79.0044
49.30712,-78.98112
-38.41984,-78.89952
5.67288,-78.7524
88.66816,-78.71256
4.926,-78.66576
-43.22344,-78.49064
-101.2399246,-78.44582059
97.9608,-78.41232
-91.89728,-78.35
95.26264,-78.02408
-65.72424,-78.00696
-89.59986744,-77.9170858
65.08848,-77.886
60.73336,-77.84576
34.24496,-77.64008
13.43082384,-77.58806801
33.08904,-77.35896
15.17576,-77.32608
28.11448,-77.23344
-114.6718308,-77.22621456
-69.35864,-77.15648
-29.36,-77.04564401
-93.8516,-76.94536
-58.26168,-76.87008
-106.68048,-76.76928
-78.60832,-76.33712
59.32616,-76.33168
11.9856931,-76.22570956
-76.88736,-76.18008
-68.06208,-76.05696
-26.01336,-75.98208
-63.9508,-75.90296
38.2192,-75.80608
-88.74512548,-75.76398106
44.77032,-75.76176
23.48064,-75.62808
-66.07384,-75.53944
-85.33112,-75.48888
59.13896,-75.2688
-56.318,-75.0128
111.03032,-74.99024
18.92184,-74.9592
112.58168,-74.86808
-73.70624,-74.83824
82.85656,-74.83056
-43.78448,-74.72696
-85.18528,-74.63792
-60.09168,-74.598
102.35976,-74.4
37.83616,-74.29656
-55.33048,-74.26968
109.58464,-73.91992
-118.7656452,-73.8638372
-27.30216,-73.78632
51.02416,-73.7276
21.15984,-73.69224
21.68496,-73.578
-47.408,-73.50824
106.06504,-73.49352
-76.63512,-73.398
-83.51432,-73.2468
47.64344,-73.17264
31.33248,-72.80832
45.69768,-72.59112
61.07256,-72.52608
-70.55336,-72.3344
-31.98168,-72.3252
28.34912,-71.83472
-74.07671297,-71.79004567
46.97472,-71.64096
61.92952,-71.61872
-89.3848,-71.29736
-117.16224,-71.11536
-26.00136,-70.86624
-57.50216,-70.74792
34.26048,-70.71216
61.77424,-70.5236
-84.95552,-70.45864
-87.448,-70.44824
-19.32447813,-70.32458716
-24.35392,-70.27704
-68.56698882,-70.21663978
-93.07952,-69.68024
-104.7152,-69.65696
-57.76208,-69.48792
-46.60192,-69.41664
-89.29568,-69.37232
-18.36528,-68.9292
80.60296,-68.70608
41.64616,-68.58128
71.5952,-68.44424
-74.96832,-68.38464
109.60632,-68.34312
-88.41648,-68.28792
-66.28536,-68.12232
-64.19944,-68.11128
22.75968,-68.10264
71.00856,-68.016
-51.91248,-67.96944
66.50894405,-67.95531446
81.67752,-67.88472
96.93936,-67.77768
91.84552,-67.06216
-31.61088,-66.90144
56.76632,-66.85472
-27.37753969,-66.84789352
-30.42824,-66.74792
-29.37696,-66.62976
83.21584,-66.17032
38.08344,-66.1656
-75.62488,-65.95152
-28.48576,-65.91752
40.41336,-65.79168
-46.8084,-65.74872
63.25576,-65.51992
-44.89536,-65.43984
-67.32288,-65.40744
33.996,-65.39016
-45.45752,-65.13752
-79.74380596,-65.12835973
30.25112,-65.0216
-111.93792,-64.89432
-57.78140521,-64.6167051
91.7856,-64.60008
-15.23336,-64.53656
27.70712,-64.4868
-51.47856,-64.08528
118.5341144,-63.78054852
114.22488,-63.76224
-18.09768,-63.70752
-45.39176,-63.54528
110.15672,-63.41928
-24.0475747,-63.34877428
-83.01288,-63.23544
-111.95616,-63.18096
10.58336,-63.09216
-41.72224,-62.98712
-30.72456,-62.8524
-24.6316,-62.75736
81.76336,-62.7116
95.16088,-62.60376
-66.59504661,-62.21279965
79.96424,-62.19384
-100.09976,-61.83776
-101.40968,-61.82504
36.78816,-61.80888
83.66864,-61.74792
17.94848,-61.67336
-83.04624,-61.6092
29.23432,-61.5948
-64.67352,-61.31136
-100.71776,-61.30192
64.32272,-61.16768
77.89584,-61.14984
-87.49416,-61.09296
86.67688,-61.01664
-68.588,-60.97072
-75.16832,-60.97008
-21.58656,-60.92712
79.62984,-60.75048
-25.83384,-60.62376
-31.58448123,-60.61275043
-57.3888,-60.53232
56.66656,-60.52872
-85.04048,-60.44264
33.034,-60.39128
91.39008,-60.37008
15.3992,-60.13056
17.45936,-60.04904
7.23736,-60.00248
-67.8288,-59.83104
-55.48048,-59.71208
-70.44048,-59.68992
-30.18776,-59.614
56.22272,-59.59712
-63.95576,-59.46104
22.61208,-59.3412
43.35296,-59.3208
109.47144,-59.28
-43.96976,-59.27416
25.34464,-59.1452
-115.47504,-58.11672
63.4684,-58.1072
54.12496,-57.94688
-110.61704,-57.92776
-23.606,-57.71224
75.19928,-57.52952
-25.04728,-57.5252
-71.23968,-57.50112
66.50592,-57.37512
77.01112,-57.34624
74.9872,-57.25664
-69.95944,-57.1292
-19.5924,-56.8824
43.56832,-56.74232
42.73208,-56.74184
-91.73704468,-56.74121294
18.07112,-56.50064
89.52328,-56.13424
8.93144,-56.11176
-26.45992,-55.97208
-18.56352,-55.95144
64.48288,-55.71408
63.78704,-55.44392
-50.44843449,-55.43965358
-74.31096,-55.43904
-77.26848,-55.34112
74.25768,-55.33416
38.80728,-55.326
-64.32072,-55.18392
111.03112,-55.1472
-71.54936,-54.44144
-61.81032,-54.24648
28.39248,-54.20016
-38.41464,-53.90256
18.28584,-53.87376
-19.0284,-53.86608
51.58792,-53.86432
-20.89368,-53.80992
-117.27896,-53.77208
-0.01528,-53.37072
21.86352,-53.31456
-115.95432,-53.2068
-65.8908,-53.02536
77.80064,-52.98104
-91.90248,-52.704
-47.3924,-52.68112
-49.27704,-52.34064
-102.476,-52.03456
66.06552,-51.68544
27.994,-51.65336
-63.79944,-51.552
-51.7788,-51.52152
-29.70830515,-51.39496496
-92.1164,-51.0868
-51.49856,-50.96944
13.33616,-50.95424
87.73656,-50.874
-77.11344,-50.83536
51.06432,-50.7564
-35.29544,-50.69192
55.56488,-50.41488
48.08376,-50.34912
71.48504,-50.2032
-91.38043426,-50.19161386
-10.2172,-49.97832
-55.32976,-49.87968
63.58896,-49.84152
89.22704,-49.8176
-62.48531769,-49.76168421
-27.14624,-49.5044
-111.7968,-49.48776
-116.53112,-49.40216
12.34368,-49.24248
-107.9729069,-49.19374544
35.25027124,-49.19155371
-83.154,-49.14672
-82.73888,-49.1056
-103.40136,-49.05192
-76.91744,-49.00872
-59.57955572,-48.87735841
-105.39504,-48.84192
96.3304,-48.836
-40.30904,-48.78152
41.61128,-48.75144
-68.7868,-48.55656
-42.37968,-48.53184
80.8652,-48.49752
84.62872,-48.33128
98.15112,-48.33048
116.14872,-48.324
-53.5769529,-48.31026566
-24.84824,-48.08656
-37.54536,-47.91888
96.4396,-47.80936
57.44808,-47.63352
-77.8052,-47.5008
-25.46312,-47.4956
70.48288,-47.37448
-16.88704,-47.3492
16.4252,-47.30096
105.00328,-47.22936
-106.66784,-47.04224
-6.83408,-46.97408
-50.01864,-46.8912
-105.15816,-46.80792
-3.92232,-46.80552
-90.19064,-46.7072
96.32944,-46.47464
-29.33888,-46.46776
-65.18744,-46.38272
-8.82824,-46.37216
-78.86216,-46.29064
-65.98032,-46.12968
-79.26288,-46.06752
49.74704,-45.90696
-98.19984,-45.77664
23.89592,-45.73176
22.92584,-45.65448
48.60224,-45.64952
116.61816,-45.53352
68.59776,-45.42936
21.61416,-45.20544
-20.5516,-45.18488
2.14768,-45.15584
65.88408,-44.8968
-45.89336,-44.83984
-70.74808,-44.82456
34.83384,-44.77776
-0.5872,-44.70296
-39.82310197,-44.60951123
36.15816,-44.58384
29.7804,-44.57304
-48.82344,-44.50056
-31.84288,-44.36936
7.66144,-44.24024
-63.09696,-44.16264
-67.08096,-43.77024
-51.17263868,-43.7404264
26.37736,-43.73656
55.67006015,-43.63975513
-15.96616,-43.46952
-95.01976,-43.37432
66.78768,-43.164
-57.60672,-43.14768
-9.72784,-42.92384
-23.05832,-42.87232
-70.3016,-42.68904
3.53616,-42.64704
-57.2576,-42.5524
39.16168,-42.36256
46.90768,-42.21464
-58.9716,-42.07992
-71.222,-42.07424
50.10576,-41.76456
105.76152,-41.50128
-45.22330168,-41.47810687
117.4692,-41.02488
-20.23368,-40.76016
-24.50136,-40.68408
79.01208,-40.64328
-60.47248,-40.24088
27.7192,-40.19792
106.41832,-40.09392
-33.01656,-40.074
-67.95232,-40.07072
-27.27968,-40.05608
10.63936,-39.90224
-76.13376,-39.8232
1.922437545,-39.79964176
8.21344,-39.79296
95.72424,-39.64272
-22.85048,-39.6416
17.80864,-39.63056
-50.32504,-39.55688
55.18152,-39.41904
-46.81176,-39.35952
-52.36416,-39.13248
-77.28344,-38.68064
-2.8452,-38.58576
-39.36544,-38.49368
-72.42688,-38.48504
57.46432,-38.23568
118.66448,-38.18768
-1.61432,-37.81216
26.03176,-37.77904
-4.98808,-37.6452
-45.52984,-37.59528
-27.49152,-37.446
-43.33322038,-37.42977534
46.95768,-37.0008
12.28296,-36.9204
-7.35952,-36.91488
-85.82448,-36.8736
-2.40864,-36.86568
-31.03104,-36.81048
15.71586144,-36.59636334
-110.20568,-36.59504
-2.68016,-36.53224
31.64992,-36.45296
75.6744,-36.35328
82.6956,-36.30888
-5.08496,-36.27952
102.9765018,-36.17185041
69.84088,-36.06688
-59.732,-35.84464
-77.73744,-35.82936
37.43808,-35.69232
-70.17864,-35.6304
7.3584,-35.42328
-75.218,-35.1264
7.6652,-35.09608
21.14544,-35.00928
62.95592,-34.8336
-72.80288,-34.68952
-0.13008,-34.61568
-20.37496,-34.59696
57.07992,-34.33752
-48.33968,-33.96456
-35.27912,-33.9188
103.96136,-33.87392
-5.645569906,-33.84451087
-101.656442,-33.79340214
0.69848,-33.76784
-53.50976,-33.75344
2.50456,-33.63488
-104.21144,-33.54016
56.286,-33.33144
25.79064,-33.28968
-72.66856,-33.1676
-12.99881336,-33.14121792
-21.72592,-33.08408
-8.19744,-33.03768
14.01504,-33.00384
-22.15816,-32.89808
-76.82776,-32.78816
11.51984,-32.7536
65.7808,-32.71688
36.17488,-32.6852
49.25776,-32.65224
47.89512,-32.60568
-94.17695385,-32.5917819
-27.9284,-32.51672
-13.21416,-32.41584
15.07808,-32.16944
-31.80537224,-32.12236487
44.80712,-32.1056
-21.1708,-31.70648
103.65776,-31.55904
13.3188,-31.542
-77.72088,-31.506
-9.27832,-31.46
52.53272,-31.3736
65.39416,-31.28984
-3.58976,-31.20616
-2.1876,-31.19448
-42.1556,-31.12776
40.33832,-31.1148
45.69232,-31.05288
-10.6668,-30.96216
-22.98032,-30.87656
-6.87144,-30.86184
77.52136,-30.8388
106.72408,-30.81304
-45.19904,-30.60704
-5.535184016,-30.57592174
58.72696,-30.53496
1.47072,-30.52032
-25.296,-30.05616
40.28576,-29.91896
26.63408,-29.89448
7.38496,-29.86528
-53.44464,-29.80728
-28.93616,-29.80392
-28.8696,-29.7924
94.13928,-29.78856
-77.94072,-29.70144
-38.72028526,-29.62748145
81.69768,-29.59872
-37.87208,-29.59168
-17.37408,-29.44344
0.8416,-29.39264
42.9656,-29.30976
-16.88864,-29.20304
70.66528255,-29.14371962
36.0956,-29.0472
-7.62888,-28.92048
103.92176,-28.72856
-22.9588,-28.5024
62.33,-28.48968
-19.02576,-28.45032
14.28872,-28.31928
-49.32952,-28.16624
-13.068,-28.13784
-85.24832,-28.07384
41.37984,-27.84192
93.04784,-27.69848
9.07944,-27.5316
-21.37576,-27.52424
25.44888,-27.50544
1.331172984,-27.46780598
-21.34544,-27.28608
-25.16128,-27.26448
-41.39576,-27.25928
-74.09592,-27.2028
21.21992,-27.1248
-86.05752,-27.12408
50.26616,-27.1068
6.8416,-27.07424
31.64616,-27.01296
35.15344,-26.84968
-105.95424,-26.55024
-5.670280598,-26.54702689
-84.08936,-26.51528
-68.1456,-26.50608
-87.7112,-26.50568
-21.95263158,-26.40085391
-29.82976,-26.22488
-56.21586038,-25.95907164
90.85968,-25.91448
-45.2812,-25.89136
109.66872,-25.7748
-78.5208,-25.70232
-71.52616,-25.50408
58.98576,-25.48152
-33.33016,-25.42928
-90.212,-25.41104
-49.40088,-25.34568
26.13208,-25.31424
-25.54568,-25.26824
4.4152,-25.15328
-64.90432,-25.11896
-66.45976,-24.84488
13.76288,-24.83408
40.15128,-24.6816
-83.27048,-24.64968
-45.75048,-24.54864
41.69368,-24.2708
25.77056,-24.0816
-100.3232282,-23.94586476
-70.2716,-23.91472
-69.83088,-23.81952
-18.10568,-23.62824
18.21392,-23.49648
108.19456,-23.4956
-11.29168,-23.42672
54.49797579,-23.41795718
64.4876,-23.20904
-65.74776,-23.14752
-26.35352,-23.05592
-56.08664,-22.85488
-38.44264,-22.75992
-34.36899637,-22.71165516
-28.7648,-22.35008
57.22984,-22.33808
18.89256,-22.18056
-24.6864,-22.16616
111.90752,-22.09928
12.86808,-22.08
-32.99486257,-22.05306945
0.38312,-22.0188
-78.95928,-21.82464
-13.1124,-21.82272
-71.8164,-21.79464
-36.9572,-21.74792
37,-21.73216
-46.78632,-21.68184
-64.99808,-21.668
-7.6392,-21.40272
-55.38976,-21.30968
-69.86384,-21.26536
-32.88024,-21.20376
-82.66488,-21.2016
-73.9912,-21.12848
8.21064,-20.84544
-72.85432,-20.66144
-60.82904,-20.48144
67.45888,-20.40688
-7.48976,-20.38376
-33.96416,-20.3804
39.66432,-20.14392
-8.15904,-20.04816
-108.99984,-19.83144
54.30624,-19.56408
-63.47576,-19.50568
37.00984,-19.40272
-22.58896,-19.19576
-5.41904,-19.10536
83.11112,-18.98664
116.69776,-18.85392
78.55016,-18.58272
-35.9225629,-18.51631809
10.878,-18.46344
-21.83246495,-18.26283435
33.65464,-18.13944
7.32992,-18.0456
-23.13904,-17.78672
-92.6652,-17.73984
-17.61272,-17.68896
44.8032,-17.52696
9.48248,-17.44176
-68.7192,-17.41968
-9.9176,-17.33232
48.34328,-17.31
24.44632,-17.24808
37.994,-17.08584
102.9288,-17.06688
-76.31504,-16.99288
-51.37562716,-16.93231246
-18.27176,-16.83104
-15.79184,-16.70992
25.87288,-16.53872
24.73272,-16.48896
-16.97063022,-16.40347889
-93.13152,-16.3932
40.9216,-16.3132
-61.50464,-16.22832
18.68952,-16.1808
19.25952,-15.97848
-44.8536,-15.91272
108.4068,-15.89328
-62.8448,-15.8824
51.29224,-15.76136
-53.07688,-15.7196
76.6664,-15.56856
0.10248,-15.4104
8.4856,-15.28832
-50.24362457,-15.27327587
23.6984,-15.26352
-102.63752,-15.2192
-22.44864,-14.92464
-55.55984,-14.73408
68.21032,-14.60576
-46.34624,-14.5868
33.51784,-14.57616
-20.19672,-14.3892
-67.33192,-14.34536
-54.4308,-14.00184
-13.08776,-13.97224
2.34936,-13.94784
26.28264,-13.7772
82.43104,-13.5796
70.17824,-13.49472
-10.16493031,-13.43834183
-46.35960488,-13.37756015
54.01,-12.83328
109.59616,-12.73912
38.01408,-12.67128
113.06472,-12.60168
41.19744,-12.41976
-50.09996955,-12.35584243
-74.23624,-12.34248
-23.11672,-12.33672
5.90864,-12.31016
-6.32744,-12.25816
0.08928,-12.00384
47.18472,-11.87928
-76.96784,-11.52288
1.08624,-11.5116
-13.75368,-11.50656
-100.2036,-11.36592
-76.52864,-11.23024
-101.02088,-11.17328
40.94456,-11.16672
-51.18808,-11.11568
-3.219801074,-11.01157408
-20.20885769,-10.93246329
107.05024,-10.89464
68.38784,-10.71576
-69.83776,-10.55808
-109.1892,-10.554
-39.75272,-10.4776
-28.83336,-10.28712
57.21856,-10.28304
83.07504,-10.17072
-48.92728,-10.1504
-64.84384,-10.08672
-20.66072,11.15016
32.90288,11.24568
-112.53872,11.37208
37.08608,11.40256
-53.43472,11.51352
10.1496,11.79384
86.63016,11.83032
65.3748,12.0276
93.31776,12.03528
-101.36808,12.08088
-67.92672,12.11016
-66.59608,12.1332
-47.78656,12.17664
46.25176,12.43888
-58.84848,12.50448
0.5152,12.59464
18.34704,12.62112
9.19992,12.65496
3.64784,12.80952
-75.53384,13.02768
-39.36432,13.40352
-24.70536,13.41456
-71.3670534,13.51328108
-49.09984,13.65112
21.32688,13.87032
-69.25736,13.95856
60.14168,13.96984
42.47064,14.25864
111.89024,14.28656
-89.81112,14.3664
-85.92144,14.388
-37.99392,14.46456
-16.91872,14.6056
80.97528,14.62944
-92.30712,14.67696
64.6132,14.78448
-14.15024,14.87992
-92.33976,14.95824
-70.99088,15.01176
85.66944,15.10872
-30.5212,15.16488
-89.05304,15.24424
-97.40376,15.3444
73.31624,15.34936
59.65688,15.45568
-100.3408851,15.5947162
8.934878886,15.64760756
-20.73264,15.72624
-37.14728,15.75024
33.22528,15.83728
-9.3272,15.8704
-87.37192,16.02896
-39.70344,16.10544
-38.1016,16.11856
83.15592,16.20528
99.44248,16.27664
-83.05636675,16.40253942
-32.07552,16.40376
-0.50624,16.46248
-104.41888,16.50824
-16.30296,16.57872
-44.84672,16.69512
52.58536,16.76248
62.55984,16.84368
-19.33232,16.92536
113.84008,17.1208
50.07008,17.37592
112.45016,17.67352
-81.79016,18.07384
-110.6156,18.1916
-23.29952,18.24472
-66.58872,18.30192
-29.82064,18.30928
1.68744,18.3804
-96.17104,18.42064
-64.49024,18.4764
-18.64096,18.90696
-4.802220851,19.04214772
-35.58808,19.08664
93.61984,19.12448
68.77168,19.21104
-36.57229132,19.31868393
-4.79912,19.47992
-76.78232,19.56392
29.3024,19.62088
-45.76648,19.636
-23.19753733,19.6690268
113.25216,19.70688
13.23784,19.9284
-110.33208,20.058
16.80624,20.06088
-74.13830724,20.15745803
92.68752,20.39568
-79.44008,20.42608
-55.0264,20.67528
85.79544,20.74728
52.58152,20.76064
-4.679628458,20.95152785
119.49144,21.0936
9.44584,21.17608
8.31544,21.3496
24.858,21.42936
0.45968,21.59712
-8.74296,21.61512
-20.8044,21.76128
33.51848,21.77136
-82.60112,21.8092
-20.33072,21.86464
-50.46128,21.9112
81.77936,21.91504
-3.76728,22.0032
-26.61288,22.15704
-9.34312,22.16568
-73.84016,22.21856
-108.06656,22.32424
-111.39128,22.35608
63.61104,22.44096
-79.7528,22.4904
-6.14976,22.57224
-54.05888,22.62432
46.23224,22.67848
7.17696,22.81992
-1.26648,22.91736
-105.63592,22.98544
-36.87468924,23.01196437
76.30064,23.04232
-66.93688,23.08792
-107.6415069,23.18106235
2.56368,23.20344
27.60312,23.36448
-79.21088,23.39696
80.63816,23.41296
70.93912,23.58672
-7.02608,23.73952
-77.50241827,24.30892879
-16.75248,24.65688
-53.01592,24.80232
-22.64288,24.82856
-35.9328,25.0992
93.01624,25.23392
-54.69143524,25.32084578
-39.43309483,25.54153606
-80.25856,25.55248
-74.50016,25.58208
-97.9656,25.92408
9.5228,26.17384
88.58368,26.17528
23.41632,26.21136
-39.41136,26.24232
-50.65408,26.24576
15.25376,26.26344
-24.73568,26.30368
-36.63968,26.61112
24.67528,26.67544
9.19016,26.6988
24.39808,26.9564
-73.09704,26.9904
-35.478,27.07392
24.69704,27.39712
-32.75352,27.53952
107.0136,27.58608
-1.274317443,27.69935505
-71.99448,27.738
-34.86584,27.94664
119.96784,27.97776
6.69913397,27.99682426
-1.72096,28.00792
-6.32232,28.01712
-48.8836,28.04328
-34.70488,28.09552
19.66856,28.29432
-42.88328,28.41232
-2.59624,28.49336
-101.29504,28.51864
90.57536,28.54504
21.94432,28.55096
-25.0844,28.74112
-115.49696,28.94056
-40.53288,28.94952
-50.23712,29.0956
-6.77776,29.49832
-33.92528,29.51544
-12.57752,30.05776
-44.97384,30.2016
-52.62536,30.55104
-47.3548,30.61984
10.05088,30.67984
-55.36968,30.6924
-54.60216,30.738
-62.99378537,31.11617025
-73.9384,31.18336
-10.4612,31.20232
73.09824,31.25088
-4.68856,31.44136
-52.4832,31.59768
-5.596,32.01376
-55.87152,32.10672
-69.7636,32.13736
7.95976,32.1716
-46.76216,32.17608
-79.52744,32.17816
2.89392,32.1876
-55.66712,32.19
-85.90904,32.26632
-63.38024,32.37016
106.60752,32.44512
3.26912,32.57056
-18.04944,32.59176
-20.26512,32.6472
-10.2168,33.12504
8.46856,33.2136
78.54544,33.3564
-1.51088,33.39584
9.69888,33.47832
3.284491671,33.51979149
62.24272,33.56712
-27.62634486,33.65029791
-31.58224,33.67056
-55.596,33.69888
-47.2836,33.74976
-16.2980149,33.78868337
16.95584,33.8388
-30.00624,33.90408
-10.05688,34.02784
-60.99864,34.1808
-5.3536,34.20624
89.28888,34.36464
-50.8016,34.54312
-83.5376,34.56152
11.83478186,34.59733002
17.42976,34.67664
113.20728,34.69272
-7.39088,34.87784
-48.62408,34.88288
-96.13776,34.89
-83.2556,34.96944
11.06398261,34.97086767
18.9128,34.97368
-23.80806265,34.98939566
-83.04896,34.99272
56.94536,35.0984
57.97333407,35.16358965
-23.19008952,35.22745057
-85.42664,35.78816
-115.17888,35.90664
10.18536,35.97672
1.77448,36.05632
-15.24536,36.22768
102.2992,36.31184
-14.11616,36.32624
-94.55792,36.63464
-51.16536,36.66336
-71.3284,36.76776
-117.7585449,36.96868148
-74.04568,37.0636
-0.286596068,37.0916699
5.96992,37.13296
-29.9376,37.19736
-70.24,37.25448
-69.44848,37.2868
-79.24376,37.37776
-107.94536,37.3924
98.14936,37.54536
53.81616,37.74216
-67.69656,38.06616
-10.80488,38.08296
17.61424,38.1012
-14.36248,38.24472
-61.8688,38.29168
-19.82824,38.50392
-105.6048,38.52072
-8.95376,38.6532
-12.82744,38.71264
16.44576,38.71296
8.73568,38.79304
12.19808,38.824
89.41584,38.83632
-64.66398501,38.99073199
-85.11152,39.07832
45.93672,39.08976
20.74432696,39.10638619
-31.19944,39.11448
-85.75952,39.16536
-65.7024,39.28272
17.65664,39.28392
29.31104,39.47984
36.70992,39.51552
-113.29424,39.5236
-71.12456,39.6464
-60.65624,39.89544
-88.2788,40.0076
113.76624,40.02792
62.53096,40.16688
19.314,40.18896
-4.534485881,40.250251
108.95864,40.26184
-83.28584,40.4356
-78.26088,40.50144
-66.44984,40.54024
-28.54416,40.59816
-24.05406796,40.658276
-93.84576,40.66128
-119.4596,41.03896
57.21096,41.12664
-49.65016,41.23416
-72.27568,41.25328
74.50672,41.4372
-44.59144,41.51536
-20.25152,41.5304
-99.0776,41.63624
-69.62744,41.76256
-48.968,41.76768
-30.67232,41.78064
97.14528,42.15768
3.05944,42.22792
-1.50904,42.28552
34.69592,42.31944
-5.57408,42.3916
-56.21984,42.39848
-26.97736,42.50696
-80.33304,42.54312
3.32008,42.55904
-51.98912,42.62424
-14.4224,42.78808
-48.64784,43.14448
-74.04384,43.15488
50.47936,43.15552
10.00776,43.22856
-60.7384,43.34112
-74.52848,43.37936
-16.16664,43.39272
-99.06872,43.40224
-9.0056,43.53368
-21.798,43.54008
-101.9524,43.55008
-36.30128,43.7316
26.22824,43.7692
29.44936,43.8136
-70.99824,43.9164
25.62936,44.26752
25.8696,44.39832
61.93416,44.53056
22.16704,44.68312
47.80728,44.81016
89.11,44.8228
-68.90424,45.10752
-76.06544,45.1604
112.57552,45.16592
-85.2788,45.46144
36.61632,45.50256
-114.4424,45.78232
38.99248,45.78592
61.5892,45.8052
-45.09232,45.93496
58.58024,45.99472
-32.19704,46.21024
-32.78688,46.21968
-64.94528,46.22168
-60.39824,46.43856
54.38616,46.47384
-11.59384,46.49656
57.18872,46.55608
-59.22216,46.78296
4.33456,46.866
-59.1116,46.9264
54.56984,47.22808
-18.79752,47.32152
-116.44992,47.41656
68.10776,47.4408
33.27352,47.50496
-99.53712,47.55624
-28.00376,47.73992
91.64056,47.75744
-15.83592,47.9136
-11.77641376,47.96481811
8.15352,47.96856
16.55242968,48.07817921
-44.38224,48.21048
32.37808,48.26728
10.4448,48.30456
24.09504,48.31152
-70.67456,48.4832
-19.30704,48.51
58.6008,48.59232
-81.93464,48.71168
-46.55504,48.84064
49.27872,49.3308
49.09984,49.4616
-2.96112,49.63224
11.40408,49.7508
-15.34856,49.7936
117.64808,49.88568
-32.88824,49.89536
-67.24768,50.20672
-35.37704,50.24656
-103.47112,50.33512
-39.74368,50.33512
-82.26546544,50.46237837
26.6872,50.5392
-17.43576,50.57112
-68.04384,50.574
-42.86448,50.77104
41.0612,50.89792
-42.67184,50.98408
28.25496,51.11256
119.50696,51.1368
-60.34784,51.24128
-15.41944,51.64152
-39.85016,52.16272
-56.75552,52.17688
63.37272,52.26504
-45.35144,52.30976
-36.8472,52.64976
-39.67976,52.80728
84.19144,52.83696
30.3676,52.85008
73.5356,53.17008
-74.15456,53.44016
46.77928,53.45696
-9.28888,53.46544
40.51408,53.52248
-65.20056,53.60616
24.51574639,53.60912579
73.36464,53.72064
-29.9348,53.72968
-16.36168,53.78056
104.79536,53.89488
-113.9628,53.92488
24.83248,54.0036
-80.432,54.09968
-71.2552,54.20544
-52.09344,54.27336
95.32704,54.32664
-39.34568,54.55608
56.39256,54.82248
-81.96344,54.83984
-20.74647521,54.90870048
-22.28336,55.01416
-18.95504,55.02816
72.90496,55.06784
-42.99992,55.09248
61.1916,55.12656
-75.85525954,55.14960221
-19.84792,55.30744
44.9444,55.30848
115.34256,55.69944
-26.68094516,55.71301712
-58.68556299,55.73377115
-33.54712,55.84168
-64.60488,56.05584
27.0372,56.06784
33.23752,56.4704
-25.97384,56.47096
111.13144,56.82424
-24.95096,56.89624
-22.07,56.93216
-29.38376,57.01968
-83.51744,57.09688
-38.86904,57.23608
-73.36648,57.39384
70.29536,57.43544
-23.28008,57.44008
14.5648,57.69272
71.1116,57.85024
-20.72416,57.87424
43.458,57.9828
-15.58232,58.06768
-22.27520106,58.1087453
-94.57103207,58.15990068
-29.55248,58.22232
-67.59504,58.22304
-72.95392,58.24696
-22.17984,58.25832
-43.51808,58.438
-41.11808,58.50944
64.5232,58.5164
33.15416,58.55728
51.77072,58.70832
-65.30512,58.77448
57.33696,58.80048
12.5876,58.85344
-54.23066961,59.07370971
84.11784,59.20032
83.69736,59.45928
47.79072,59.502
71.59632,59.60208
101.01864,59.61288
83.0804,59.81992
-17.98448,60.09216
17.52,60.10008
-63.3188,60.286
-20.76976,60.39528
-51.1728,60.7272
41.2856,60.74976
-29.19832,60.92224
-84.31928,61.13744
69.208,61.27536
-27.15752,61.29768
83.81704,61.46768
-76.56744,61.47
-16.88798217,61.71139909
-60.6212,62.09448
67.66928,62.16304
-78.10904,62.52368
-40.7748,62.5296
-38.88184,62.71896
-73.14824,62.81064
-21.37184,62.86496
-18.44096,63.07416
-95.23944,63.21744
-33.61232,63.24024
-78.22016,63.41808
-97.46136,63.81432
118.39888,63.85128
24.27952,63.96928
-17.27992,63.98584
-17.81232,64.32768
66.15824,64.76616
-53.83838136,64.90190292
95.02784,64.92864
50.14488,64.96056
15.28832,65.0088
-111.77048,65.08096
-45.16536,65.3856
18.23394804,65.57049621
-38.2372,65.68008
-30.58464,65.87232
-20.60472,65.88048
33.11088,66.11568
-32.51614362,66.24289043
9.3536,66.35832
65.10992,66.43848
-115.901914,66.47859432
-85.15544,66.54928
-19.8552,66.76968
40.53328,66.83568
-105.49952,66.84688
83.0624,66.90968
29.21512,67.01456
28.10848,67.45408
-35.088,67.50072
-16.20776,67.5064
64.94616,67.5936
-53.70936,67.93992
101.404,68.17272
-56.44488,68.196
39.4884,68.26632
66.60304,68.38856
-29.91128,68.39584
27.84272,68.41992
14.1632,68.46432
-65.95336,68.46768
32.70270511,68.50171464
-107.4932,68.50696
-77.30184,68.54376
99.68008,68.69656
-37.64919223,68.71215625
47.03376,68.82576
103.58104,69.1524
-29.05056,69.37992
83.34885,69.4353211
-54.46368,69.4788
-59.25572245,69.70633675
-31.66704,70.01448
-73.36232,70.15408
117.61416,70.31304
48.64528,70.58656
70.75216,70.64928
-72.71136,70.9296
-27.89300463,70.96638446
-77.44256,71.01432
-86.83304,71.04824
56.49384,71.13984
-18.72616,71.24328
36.936,71.3052
19.29144,71.34024
60.19488,71.39328
-16.01648,71.39616
51.46552,71.49584
71.2308,71.6748
50.52288,71.77056
82.9564,71.8892
58.4864,71.97864
-3.85264,72.18928
-55.4372,72.36816
28.21584,72.43656
71.47328,72.50328
35.40352,72.66336
96.88656,72.70992
-113.43912,72.71064
71.0864,72.71232
-75.57928,72.77968
-23.37928,73.0536
-105.82512,73.07256
17.91056,73.16584
-66.85568,73.3392
46.82184,73.43376
-64.4012,73.45992
-77.854,73.93
-39.15128,73.98912
119.03688,74.06832
-9.6956,74.12024
82.71696,74.19552
-86.57879814,74.20569078
78.03888,74.30808
84.38584,74.35592
-86.09528,74.78072
76.03416,74.82792
-86.83992,75.0228
82.11272,75.54752
-117.63432,75.66024
-47.024,75.70888
19.28344,75.72256
67.8416,76.27704
-74.03603286,76.27898148
-82.82432,76.37536
72.94888,76.556
23.19728,76.75872
-76.38257367,76.84294212
52.36808,76.85608
-70.05952,77.0548
43.05472,77.06528
-37.2004,77.10128
-24.44088,77.34648
-59.19864,77.47488
118.38496,77.49576
25.2732,77.59128
23.00184,77.61576
-69.24912,77.73024
45.98464,77.88
-51.05064,77.99136
-16.4192,78.14032
24.61136,78.1944
-19.21904,78.3292
-89.5472,78.53872
-64.24464,78.55776
17.06768,78.91584
-73.87584,78.9576
-99.06456,78.9756
22.61368,78.97808
100.8522438,78.98512675
-90.94536,79.37376
94.6276,79.4212
50.3064,79.51008
-40.49118056,79.53868923
-41.36395191,79.54979646
-31.57536,79.60584
-94.35,79.66656
-19.33056,79.73184
17.83248,79.76136
-3.32864,79.89832
-33.12392,79.8996
-80.61248,79.90672
77.83064,79.91064
-35.12704,79.9116
-35.35544,79.97824
114.1604,80.00808
-19.6772,80.35344
-71.19408,80.38272
79.2412,80.4132
-70.71512,80.4248
64.69448,80.79304
32.78512,81.2152
-49.8128,81.61088
-21.44688,81.74472
-81.71888,81.85376
-113.72856,81.87072
-42.34479657,81.90227011
-34.93536,82.00056
98.51632,82.06416
47.63968,82.09024
63.4032,82.1652
-66.36904,82.36504
-54.51824,82.51664
-32.11185309,82.56398622
57.68464,82.65816
-49.50471341,82.71014508
-55.00824,82.80744
113.58376,82.9336
36.08173298,83.06263871
-44.38904,83.314
79.10416,83.4672
-80.7444,83.54904
76.15888,83.614
-67.2332,83.62048
37.9252,83.7436
53.3856,83.75736
20.87592,83.76192
2.38936,83.91808
12.02856,83.92896
-54.7104,83.946
-59.60448,83.96808
-50.35152,83.99424
34.30248,84.15912
-43.8252,84.1836
-69.77251621,84.60622156
-19.84320182,84.60978532
-47.2328,84.63648
112.10424,84.8004
65.38024,84.84824
33.22992,84.88488
56.69104,85.01056
-81.43660344,85.0688384
-47.53776,85.11048
-60.18992,85.19088
-64.73608,85.642
-32.00039461,85.75431731
85.24496,85.8424
-14.02272,85.96584
112.85688,85.97736
20.73384,86.05464
-71.77735967,86.35205382
-33.67952,86.56328
51.6032,86.7468
-52.49127448,86.76849854
-78.11152,86.82384
-50.88186587,86.99535913
-64.7012,87.204
-10.82696,87.27392
-39.89224,87.33616
64.00944,87.34008
-50.4932,87.40888
24.324,87.53544
-68.66232,87.57432
100.21296,87.57768
-28.2104,87.60312
33.53672,87.78584
-99.61536,87.83688
32.28976,87.96384
23.12616,88.014
15.63488,88.08352
79.98264,88.2588
-84.06056,88.2888
-81.15144,88.42008
17.0272,88.54552
60.72184,88.70488
13.6368,89.15952
-62.86664,89.16224
-26.39576,89.26832
34.64248,89.41904
10.06072,89.42448
-39.75584,89.5288
110.24296,89.56576
-46.5256,89.58376
106.8004,89.64568
37.33992,89.67168
21.18696,89.74704
-42.912,89.77944
-99.50864,89.85088
60.97816,89.97304
-70.02296,90.10552
-84.52184,90.17472
-81.44384,90.36712
-16.9812,90.40488
0.12272,90.61968
-46.98192,90.708
44.12968,90.7492
-56.60616,90.81336
-43.90072,90.82504
-89.26376,90.9728
-90.89440696,91.07971257
112.27888,91.1548
35.59608,91.43352
-84.4100251,91.66455636
-25.89518204,91.70735346
101.22504,91.85712
55.9164,91.86
-117.29304,92.02248
-75.9608,92.11704
-52.66008,92.11776
-19.79816,92.16912
37.13432,92.17
82.0124,92.24416
70.48856,92.27416
26.55664,92.36464
92.17352,92.37432
-67.3144,92.46216
-81.7436,92.69976
-60.69033554,92.7927349
79.93958589,92.84720147
-76.53536,93.07248
-66.7636,93.08464
114.36448,93.10816
19.72064,93.1356
85.5444,93.1572
64.75032,93.21816
42.2976,93.33744
-91.49856,93.54576
31.17272,93.58072
-57.03792,93.59184
-16.00744,93.74608
-107.724,94.1556
-10.92296,94.3568
-38.61968,94.4888
-6.1468,94.70832
20.28632,94.70904
43.51968,94.81296
-64.71032,94.87208
-10.66496,94.88432
63.07936,94.99408
-28.54184,95.06424
-73.61464,95.17816
39.88552,95.47408
79.07032,95.61016
-5.39632,95.78752
-80.61216,96.03408
-43.51856,96.20728
34.79016,96.29088
-49.23496,96.35128
21.70432,96.46296
-85.73304,96.54912
50.52936,96.71184
-99.58304,96.71896
-105.48144,96.8616
-116.56952,96.97976
77.20064,97.0124
-60.32048,97.05696
61.96368,97.14072
-0.48896,97.25104
23.95948151,97.26298709
-14.55368,97.4292
109.51864,97.54936
-52.80992,97.87304
-58.27536,97.91688
72.8808,98.1084
-76.29976,98.2428
-109.0076,98.2576
-101.50184,98.33296
-99.96096,98.514
53.9676,98.76216
20.23096,98.87688
39.8716,98.90336
-44.85792,98.94336
71.13327787,99.00472727
50.07288,99.07032
-72.25544,99.1048
27.7216,99.15112
-25.05392,99.24544
0.909571154,99.28118096
-0.88545047,99.31028952
-21.17474338,99.34063053
33.4,99.37688
-73.96448,99.39936
-106.64784,99.44376
48.27704,99.53376
11.716,99.6652
22.0274773,99.73718636
94.55688,99.83448
